Attribute,Value
Timestamp,"12-10-2023, 00:00:19"
Beta (5Y Monthly),1.31
52-Week Change 3,35.45%
S&P500 52-Week Change 3,15.38%
52 Week High 3,198.23
52 Week Low 3,124.17
50-Day Moving Average 3,181.48
200-Day Moving Average 3,176.33
Avg Vol (3 month) 3,55.57M
Avg Vol (10 day) 3,46.84M
Shares Outstanding 5,15.55B
Implied Shares Outstanding 6,15.55B
Float 8,15.54B
% Held by Insiders 1,0.07%
% Held by Institutions 1,61.66%
"Shares Short (Nov 14, 2023) 4",105.84M
"Short Ratio (Nov 14, 2023) 4",1.81
"Short % of Float (Nov 14, 2023) 4",0.68%
"Short % of Shares Outstanding (Nov 14, 2023) 4",0.68%
"Shares Short (prior month Oct 12, 2023) 4",93.03M
Forward Annual Dividend Rate 4,0.96
Forward Annual Dividend Yield 4,0.49%
Trailing Annual Dividend Rate 3,0.94
Trailing Annual Dividend Yield 3,0.48%
5 Year Average Dividend Yield 4,0.82
Payout Ratio 4,15.33%
Dividend Date 3,"Nov 15, 2023"
Ex-Dividend Date 4,"Nov 09, 2023"
Last Split Factor 2,4:1
Last Split Date 3,"Aug 30, 2020"
Fiscal Year Ends,"Sep 29, 2023"
Most Recent Quarter (mrq),"Sep 29, 2023"
Profit Margin,25.31%
Operating Margin (ttm),30.13%
Return on Assets (ttm),20.26%
Return on Equity (ttm),171.95%
Revenue (ttm),383.29B
Revenue Per Share (ttm),24.34
Quarterly Revenue Growth (yoy),-0.70%
Gross Profit (ttm),170.78B
EBITDA,125.82B
Net Income Avi to Common (ttm),97B
Diluted EPS (ttm),6.13
Quarterly Earnings Growth (yoy),10.80%
Total Cash (mrq),61.55B
Total Cash Per Share (mrq),3.96
Total Debt (mrq),123.93B
Total Debt/Equity (mrq),199.42%
Current Ratio (mrq),0.99
Book Value Per Share (mrq),4.00
Operating Cash Flow (ttm),110.54B
Levered Free Cash Flow (ttm),82.18B
